<?xml version="1.0" encoding="utf-8"?>
<dei semester="1" academicYear="2019-2020">
  <dateBigining>2020-09-14</dateBigining>
  <dateEnd>2021-01-27</dateEnd>
  <course name="Integracao de Sistemas" ects="6" semester="6" degree="EI">
    <scheme>D</scheme>
    <language>PT+EN</language>
    <students>
      <student>
        <name>aluno 1001</name>
        <email>2161001@my.ipleiria.pt</email>
        <phone>244500600</phone>
        <number>2101001</number>
      </student>
      <student>
        <name>aluno 1002</name>
        <email>2161002@my.ipleiria.pt</email>        
        <number>2101002</number>
      </student>
    </students>
    <teachers>
      <teacher>
        <name>Nuno Costa</name>
        <email>nuno.costa@ipleiria.pt</email> 
        <locker>A00</locker>
        <office>G.1-7</office>
      </teacher>
      <teacher>
        <name>Marisa Maximiano</name>
        <email>marisa.maximiano@ipleiria.pt</email>
        <phone>244820300</phone>
        <locker>A62</locker>
        <office>G.1-7</office>
      </teacher>
    </teachers>
  </course>
  <course name="Desenvolvimento de Aplicacoes Distribuidas" ects="6" degree="EI">
    <scheme>D</scheme>
    <students>
      <student>
        <name>aluno 1008</name>
        <email>2161008@my.ipleiria.pt</email>
        <phone>244100123</phone>
        <number>2101008</number>
      </student>
    </students>
    <teachers>
      <teacher>
        <name>nome do docente de DAD</name>
        <email>prof.dad@ipleiria.pt</email>
        <locker>A100</locker>
        <office>G.0-17</office>
      </teacher>
    </teachers>
  </course>
  <course name="Introdução aos Jogos Digitais" ects="2" semester="1" degree="JDM">
      <teachers>
          <teacher>
              <name>nome do docente de IJD</name>
              <email>prof.ijd@ipleiria.pt</email>
              <locker>A200</locker>
              <office>G.1-17</office>
          </teacher>
      </teachers>
    <scheme>D</scheme>
  </course>
    <course name="Programação de Jogos" ects="6" semester="2" degree="JDM">
      <scheme>D</scheme>
      <teachers>
          <teacher>
              <name>nome do docente de PJ</name>
              <email>prof.pj@ipleiria.pt</email>
              <locker>A201</locker>
              <office>G.1-3</office>
          </teacher>
      </teachers>
  </course>
</dei>